{
    "1": 0.8666344285011292,
    "2": 0.8431265950202942,
    "3": 0.8398807644844055,
    "4": 0.825330913066864,
    "5": 0.8772860765457153,
    "6": 0.8820759654045105,
    "7": 0.8939399719238281,
    "8": 0.8952439427375793,
    "9": 0.8412433862686157,
    "10": 0.8464183807373047,
    "11": 0.8408942222595215,
    "12": 0.8721128702163696,
    "13": 0.9039804935455322,
    "14": 0.881016731262207,
    "15": 0.9061415791511536,
    "16": 0.8252166509628296,
    "17": 0.9087392687797546,
    "18": 0.8704792261123657,
    "19": 0.8577434420585632,
    "20": 0.8589887022972107,
    "21": 0.839876115322113,
    "22": 0.8583028316497803,
    "23": 0.8573468923568726,
    "24": 0.889432430267334,
    "25": 0.8489494919776917,
    "26": 0.8923903703689575,
    "27": 0.9140810966491699,
    "28": 0.8607949614524841,
    "29": 0.8798673748970032,
    "30": 0.8509553670883179,
    "31": 0.7923372387886047,
    "32": 0.86328125,
    "33": 0.8595243692398071,
    "34": 0.8728671073913574,
    "35": 0.868206262588501,
    "36": 0.8968487977981567,
    "37": 0.9068630337715149,
    "38": 0.8418153524398804,
    "39": 0.8328746557235718,
    "40": 0.8600262999534607,
    "41": 0.8743354082107544,
    "42": 0.8988063931465149,
    "43": 0.8468329906463623,
    "44": 0.9078550338745117,
    "45": 0.8114786148071289,
    "46": 0.8792317509651184,
    "47": 0.9238960146903992,
    "48": 0.8619003891944885,
    "49": 0.9065015912055969,
    "50": 0.8965621590614319,
    "51": 0.8562797904014587,
    "52": 0.8950297236442566,
    "53": 0.8682044744491577,
    "54": 0.9189198017120361,
    "55": 0.9102950692176819,
    "56": 0.9381605982780457,
    "57": 0.8477925658226013,
    "58": 0.9440524578094482,
    "59": 0.9243527054786682,
    "60": 0.9362056851387024,
    "61": 0.9273918867111206,
    "62": 0.8733452558517456,
    "63": 0.942564845085144,
    "64": 0.9315825700759888,
    "65": 0.9198480248451233,
    "66": 0.9312317967414856,
    "67": 0.8613705635070801,
    "68": 0.8924915790557861,
    "69": 0.9102755188941956,
    "70": 0.8581520915031433,
    "71": 0.8829384446144104,
    "72": 0.9040666818618774,
    "73": 0.9153504967689514,
    "74": 0.8800458312034607,
    "75": 0.90510493516922,
    "76": 0.8849068880081177,
    "77": 0.899334192276001,
    "78": 0.9180099964141846,
    "79": 0.8619762063026428,
    "80": 0.879055917263031,
    "81": 0.9233182072639465,
    "82": 0.883847713470459,
    "83": 0.9071986675262451,
    "84": 0.8534877300262451,
    "85": 0.8954457640647888,
    "86": 0.9038479924201965,
    "87": 0.9179593920707703,
    "88": 0.8111356496810913,
    "89": 0.8871283531188965,
    "90": 0.8676195740699768,
    "91": 0.8838686943054199,
    "92": 0.8653194904327393,
    "93": 0.8304975628852844,
    "94": 0.8767832517623901,
    "95": 0.8816339373588562,
    "96": 0.8470239043235779,
    "97": 0.8391388058662415,
    "98": 0.8745293021202087,
    "99": 0.8767014145851135,
    "100": 0.8858658075332642,
    "101": 0.8731247186660767,
    "102": 0.8653449416160583
}